user_id,name,email,company,created_at
1,Mary Rice,thopkins@howard-warren.com,Gilmore LLC,2024-04-11 03:22:55
2,John Jennings,lisa71@gmail.com,Clayton-Perez,2024-01-22 20:34:52
3,Carlos Cox,rochasamuel@gmail.com,"Owen, Mendez and Jones",2024-06-13 05:43:49
4,Lisa Saunders,dianasanchez@hotmail.com,Bullock-Hicks,2024-02-08 15:17:05
5,Matthew Mccall,richardfelicia@gmail.com,"Rodriguez, Rangel and Tucker",2024-06-19 05:16:17
6,Melissa Wilkinson,matthew16@gmail.com,"Lopez, Spence and Wright",2024-07-08 02:06:58
7,Marc Gibson,echang@mcfarland-bates.com,"Davis, Curtis and Knight",2024-06-17 11:20:55
8,Aaron Stone,matthew68@gmail.com,Le-Gonzales,2024-01-29 10:00:45
9,Christine Ramirez,richardsmith@hotmail.com,"Carey, Schmidt and Strong",2024-03-19 08:50:26
10,Stephanie Schroeder,martinbryan@gmail.com,"Haley, Osborne and Avery",2024-07-06 23:06:56
11,Elizabeth Mckee,teresacook@gmail.com,Walsh-Grant,2024-05-06 22:07:55
12,Ian Perry,francisgrace@little-rodriguez.com,"Miller, Avila and Morrison",2024-06-30 03:47:10
13,Brian King,gphillips@gmail.com,"Garcia, Schultz and Nielsen",2024-03-14 16:43:19
14,Alexander Parsons,marydavidson@schmidt.biz,Nelson Group,2024-03-19 23:13:52
15,Edward Todd,gainesstephanie@hoffman.com,Brewer-Meyers,2024-06-19 16:19:41
16,Bradley Davis,aaronkim@hotmail.com,"James, Anderson and Reid",2024-06-03 12:40:22
17,Jeffery Martinez,krista71@yahoo.com,Turner PLC,2024-01-24 05:48:51
18,Lisa Sullivan,saramalone@yahoo.com,Martin-Bond,2024-05-06 08:40:59
19,Lisa Lane,tprince@nguyen.org,"Campbell, Cabrera and Rodriguez",2024-08-04 19:06:40
20,Dillon Holloway,othomas@parker.com,"Barker, Mayer and Cobb",2024-01-18 16:25:44
21,Melissa Freeman,mgallegos@smith.biz,Grant Inc,2024-09-06 03:28:38
22,Jason Black,clee@yahoo.com,Webb-Cole,2024-05-28 03:48:05
23,Debra Morgan,matthewsjeffery@hays.com,"Martinez, White and Wade",2024-09-03 10:07:37
24,Sheila Avery,cookemartha@turner.com,"Gonzalez, Flores and Mann",2024-07-31 01:23:20
25,Jordan Pacheco,tylerbrown@yahoo.com,Ramirez-Jackson,2024-07-26 12:45:47
26,Mary Lee,nunezdaniel@wood-christensen.biz,"Guerra, Graves and Arias",2024-03-14 19:38:33
27,Ryan White,emilyhall@wong.com,Cummings Group,2024-02-12 12:23:13
28,Christopher Miller,wheelermelissa@yahoo.com,Martinez-Acosta,2024-07-23 04:36:39
29,Tina Brown,amy38@acevedo.com,Wilson Inc,2024-06-27 23:51:45
30,Howard Wright,huangmelissa@rogers.biz,"James, Thompson and Willis",2024-05-10 04:17:51
31,John White,robin81@gmail.com,Serrano and Sons,2024-03-24 03:16:27
32,Daniel Nguyen,rhondamiller@hotmail.com,"Miller, Nolan and Knight",2024-01-29 00:36:40
33,John Blackburn,zacharyrichmond@yahoo.com,Douglas-Gay,2024-01-09 09:41:54
34,Travis Ryan,pkim@gmail.com,Rodriguez and Sons,2024-01-30 21:04:11
35,Angela Yang,deniselong@hotmail.com,Fowler LLC,2024-01-25 21:08:05
36,Jason Hoffman,thompsonanthony@yahoo.com,Graves Group,2024-02-02 08:03:12
37,Paul Francis,whitesarah@hotmail.com,Mitchell-Nelson,2024-02-23 12:49:07
38,Charles Love,andrew66@hotmail.com,Perez Inc,2024-03-26 10:03:11
39,Albert Chang,davidmorris@hotmail.com,Salazar LLC,2024-06-29 06:13:09
40,Teresa Navarro DVM,ericingram@francis.com,Morgan-Berry,2024-07-10 01:30:54
41,Dustin Christensen,john64@rivera.com,Jones-Ryan,2024-05-18 02:05:42
42,Angela Moore,wkelly@nunez.biz,Thompson-Barnes,2024-06-04 04:16:42
43,Robert Herrera,kristinanavarro@hotmail.com,Todd-Morse,2024-03-07 19:45:35
44,Brian Duncan,williamsmargaret@gmail.com,"Garcia, Stafford and Pittman",2024-08-19 11:20:42
45,Kathryn Hernandez,zachary91@delgado.org,Boyer-Johnson,2024-06-26 19:45:11
46,Thomas Valdez,oliverbianca@peterson-pearson.com,Scott-Miranda,2024-03-12 23:41:03
47,Natalie Jacobson,wilkersonsabrina@yahoo.com,Cruz PLC,2024-04-27 00:42:58
48,Wayne Franklin,gmcmahon@hotmail.com,Ayala-Williams,2024-05-24 06:57:37
49,Brenda Williams,eddietaylor@yahoo.com,"Klein, Garcia and Garcia",2024-03-13 11:56:36
50,Kellie Parsons,dking@yahoo.com,Figueroa-Greer,2024-03-22 01:53:32
51,Dr. Samuel Miller,mgraham@gmail.com,Hoover-Carter,2024-04-19 23:10:31
52,Collin Alvarez,friedmanthomas@sullivan.com,Williams Ltd,2024-04-25 22:02:51
53,Rachel Clark,woodsmia@yahoo.com,Parker and Sons,2024-03-17 18:53:36
54,William Henderson,christinacallahan@gmail.com,"Hernandez, King and Pitts",2024-07-27 01:52:46
55,Mrs. Maria Owens DDS,williamfox@sherman.org,Moore-Williams,2024-02-12 12:55:11
56,John Diaz,angela02@cabrera.com,Reynolds and Sons,2024-02-04 02:54:38
57,Christopher Marsh,jessicamoore@gutierrez.com,"Garcia, Taylor and Rodriguez",2024-04-29 08:02:37
58,Sharon Dillon,heather23@gmail.com,Washington and Sons,2024-02-13 19:13:36
59,Lisa Taylor,rebeccalee@hotmail.com,Fitzgerald and Sons,2024-03-04 13:08:54
60,Erin Williams,stephen61@ryan.com,"Bridges, Lucas and Clarke",2024-02-11 04:23:54
61,Scott Moreno,clewis@hotmail.com,Gonzalez Group,2024-03-20 23:15:42
62,Maria Smith,christopherdavis@bell.info,Johnson-Hicks,2024-08-16 09:08:28
63,Jessica Austin,lisa98@gallagher-cole.com,Hall and Sons,2024-01-30 18:10:27
64,Steven Scott,brownlindsey@johnson.com,Rollins-King,2024-06-27 06:05:24
65,Justin Brown,craig54@gmail.com,"Williams, Wright and Anderson",2024-01-16 09:34:20
66,Jeffery Pratt,uwilliams@king.com,Clark Group,2024-06-11 15:51:31
67,Brianna Adams,michaelmeadows@gmail.com,Stewart LLC,2024-03-16 14:30:09
68,Elizabeth Kelly,justin38@conway-bryant.com,Mclaughlin PLC,2024-02-24 05:31:09
69,Kimberly Rodriguez,christina65@nguyen.com,Montes-Webb,2024-04-30 03:49:06
70,Adam Mercer,blakesarah@gmail.com,"Hernandez, Brewer and Jones",2024-05-12 19:12:50
71,David Rogers,bmontoya@oliver.com,"Griffin, Johnson and Maynard",2024-06-11 01:47:50
72,Terri Anderson,matthew61@yahoo.com,"Poole, Buchanan and Castaneda",2024-01-04 04:55:33
73,Breanna Johnson,shanemarshall@yahoo.com,"Shelton, Taylor and Acevedo",2024-03-25 11:20:01
74,Danielle Lane,haley10@gmail.com,Tucker-Anderson,2024-07-18 12:04:56
75,Maria Haynes,pachecomadeline@hotmail.com,"Andrade, Johnson and Wilson",2024-06-19 23:25:44
76,Mr. John Long DDS,larcher@gmail.com,Yang-Love,2024-08-14 11:54:51
77,Chad Schwartz,adam08@gmail.com,"Martin, Cordova and Jensen",2024-04-14 11:51:36
78,Kayla Cochran,smithmario@robinson.info,Thomas-Williams,2024-06-24 10:23:41
79,Crystal Moss,hartmolly@gmail.com,Bowen and Sons,2024-06-29 20:01:58
80,Anna Wall,conniebrock@lambert.biz,"White, Hunt and Tran",2024-01-15 17:54:43
81,Megan Brown,edwardspamela@gmail.com,"Dixon, Wagner and Boone",2024-04-23 08:33:38
82,Amber Combs,gharris@howard.com,Williams and Sons,2024-01-14 20:32:52
83,Shannon Shaffer,bclayton@thompson-campos.net,"Mullen, Decker and Glover",2024-01-25 20:47:38
84,Eric Nichols,ndavis@yahoo.com,Carey Inc,2024-07-05 19:12:04
85,Nathan Singleton,kimberlymiles@hotmail.com,Riley PLC,2024-05-02 08:59:40
86,Steven Alvarez,allen66@yahoo.com,"Smith, Duffy and Ryan",2024-03-07 03:05:19
87,Joseph Maynard,jessica49@evans-tanner.net,Campbell Inc,2024-03-01 18:38:28
88,Lisa Marshall,walltodd@yahoo.com,Morris-Beard,2024-01-20 07:20:35
89,Michael Medina,david35@hotmail.com,Warren Inc,2024-08-03 09:45:26
90,Kimberly Cole,randyjackson@case.com,"Robinson, Knight and Knapp",2024-02-12 09:52:44
91,Scott Drake,morganmoss@ashley-mccall.org,Morrison-Martinez,2024-02-21 12:17:06
92,Joshua Johnson,zhughes@lopez.com,"Berry, Tran and Nichols",2024-09-01 18:43:25
93,Morgan Lawson,ocarlson@gmail.com,Harvey-Lambert,2024-01-27 11:42:25
94,Mr. Kyle Pennington,uwilliams@harding-hall.com,Coleman-Phillips,2024-06-25 04:01:45
95,Nicole Campbell MD,floydsusan@gmail.com,"Gonzalez, Hall and Morton",2024-08-26 03:43:29
96,Paula Rich,haysmegan@yahoo.com,Diaz-Simmons,2024-03-12 01:29:10
97,Randy Wilkerson,rothkrystal@yahoo.com,Smith Group,2024-08-19 20:35:43
98,Jeffrey Nicholson,owensthomas@yahoo.com,Smith-Fernandez,2024-05-14 03:13:17
99,Jessica Butler,fosterpamela@hotmail.com,Lawson PLC,2024-02-18 16:00:26
100,Robert Ryan,ppineda@hotmail.com,"Reed, Simmons and Williams",2024-03-09 10:10:42
